{"stats":{"minecraft:custom":{"minecraft:mob_kills":102,"minecraft:interact_with_crafting_table":40,"minecraft:leave_game":2,"minecraft:time_since_death":113123,"minecraft:climb_one_cm":207,"minecraft:sprint_one_cm":289203,"minecraft:walk_one_cm":323692,"minecraft:damage_blocked_by_shield":694,"minecraft:drop":20,"minecraft:play_time":154393,"minecraft:deaths":1,"minecraft:sneak_time":5472,"minecraft:walk_under_water_one_cm":13003,"minecraft:boat_one_cm":80964,"minecraft:jump":2122,"minecraft:walk_on_water_one_cm":23154,"minecraft:total_world_time":154393,"minecraft:interact_with_furnace":98,"minecraft:sleep_in_bed":11,"minecraft:time_since_rest":13696,"minecraft:damage_taken":1652,"minecraft:damage_dealt":14276,"minecraft:swim_one_cm":23932,"minecraft:fly_one_cm":356214,"minecraft:player_kills":1,"minecraft:open_chest":8,"minecraft:crouch_one_cm":13779,"minecraft:fall_one_cm":52711},"minecraft:picked_up":{"minecraft:crafting_table":9,"minecraft:coarse_dirt":11,"minecraft:chicken":11,"minecraft:wooden_pickaxe":1,"minecraft:string":8,"minecraft:beef":60,"minecraft:oak_boat":4,"minecraft:rose_bush":1,"minecraft:sugar_cane":26,"minecraft:egg":9,"minecraft:furnace":10,"minecraft:stick":5,"minecraft:raw_iron":100,"minecraft:torch":25,"minecraft:porkchop":14,"minecraft:diorite":21,"minecraft:carrot":2,"minecraft:arrow":25,"minecraft:rotten_flesh":42,"minecraft:mutton":13,"minecraft:white_wool":6,"minecraft:cobblestone":159,"minecraft:birch_log":7,"minecraft:feather":9,"minecraft:cooked_beef":58,"minecraft:leather":28,"minecraft:flint":1,"minecraft:oak_log":54,"minecraft:gunpowder":1,"minecraft:dirt":71,"minecraft:white_banner":1,"minecraft:cooked_mutton":5,"minecraft:bone":15,"minecraft:apple":2,"minecraft:kelp":3,"minecraft:bow":1,"minecraft:wheat_seeds":3,"minecraft:stone_pickaxe":1,"minecraft:iron_ingot":1,"minecraft:cooked_chicken":4,"minecraft:oak_planks":2,"minecraft:cooked_porkchop":7,"minecraft:pumpkin":1,"minecraft:white_bed":15,"minecraft:grass_block":2,"minecraft:spider_eye":3,"minecraft:diamond":4,"minecraft:stone_axe":1,"minecraft:gray_wool":2,"minecraft:coal":134,"minecraft:oak_sapling":5,"minecraft:black_wool":2,"minecraft:ender_pearl":1},"minecraft:killed":{"minecraft:spider":8,"minecraft:skeleton":17,"minecraft:chicken":9,"minecraft:pig":6,"minecraft:creeper":1,"minecraft:sheep":4,"minecraft:pillager":2,"minecraft:zombie":16,"minecraft:cow":20,"minecraft:enderman":1},"minecraft:broken":{"minecraft:stone_pickaxe":1,"minecraft:stone_axe":1},"minecraft:crafted":{"minecraft:oak_planks":28,"minecraft:cooked_chicken":10,"minecraft:furnace":1,"minecraft:cooked_mutton":13,"minecraft:iron_boots":1,"minecraft:iron_axe":1,"minecraft:stone_pickaxe":1,"minecraft:birch_door":3,"minecraft:cooked_beef":38,"minecraft:cooked_porkchop":14,"minecraft:crafting_table":2,"minecraft:wooden_pickaxe":1,"minecraft:iron_helmet":1,"minecraft:iron_sword":1,"minecraft:birch_planks":28,"minecraft:stone_axe":2,"minecraft:air":0,"minecraft:oak_boat":1,"minecraft:white_wool":2,"minecraft:iron_chestplate":1,"minecraft:diamond_pickaxe":1,"minecraft:shield":2,"minecraft:stick":16,"minecraft:iron_pickaxe":1,"minecraft:iron_ingot":73,"minecraft:iron_leggings":1,"minecraft:gold_ingot":2,"minecraft:white_bed":2,"minecraft:torch":12},"minecraft:dropped":{"minecraft:cooked_beef":34,"minecraft:grass_block":1,"minecraft:coal":4,"minecraft:stick":1,"minecraft:dirt":16,"minecraft:gray_wool":1,"minecraft:string":3,"minecraft:stone_axe":1,"minecraft:kelp":3,"minecraft:golden_chestplate":1,"minecraft:chicken":1,"minecraft:carrot":1,"minecraft:gunpowder":1,"minecraft:golden_leggings":1,"minecraft:spider_eye":1,"minecraft:beef":7,"minecraft:egg":1},"minecraft:mined":{"minecraft:white_bed":14,"minecraft:deepslate_diamond_ore":4,"minecraft:grass_block":11,"minecraft:spawner":2,"minecraft:tall_seagrass":1,"minecraft:furnace":9,"minecraft:iron_ore":74,"minecraft:pumpkin":1,"minecraft:deepslate_iron_ore":3,"minecraft:stone":141,"minecraft:kelp_plant":1,"minecraft:crafting_table":8,"minecraft:torch":18,"minecraft:short_grass":11,"minecraft:rose_bush":1,"minecraft:mushroom_stem":4,"minecraft:tall_grass":1,"minecraft:cobblestone":3,"minecraft:sugar_cane":15,"minecraft:diorite":21,"minecraft:wall_torch":4,"minecraft:coarse_dirt":11,"minecraft:birch_log":7,"minecraft:birch_leaves":2,"minecraft:oak_log":30,"minecraft:coal_ore":25,"minecraft:gravel":3,"minecraft:dirt":43,"minecraft:oak_leaves":18,"minecraft:deepslate":1},"minecraft:used":{"minecraft:shield":18,"minecraft:iron_sword":62,"minecraft:cooked_chicken":7,"minecraft:torch":34,"minecraft:dirt":47,"minecraft:birch_door":1,"minecraft:lava_bucket":1,"minecraft:iron_axe":54,"minecraft:iron_helmet":1,"minecraft:iron_boots":1,"minecraft:furnace":10,"minecraft:cooked_beef":8,"minecraft:pumpkin":1,"minecraft:cooked_mutton":10,"minecraft:stone_pickaxe":138,"minecraft:oak_planks":7,"minecraft:wooden_pickaxe":8,"minecraft:crafting_table":10,"minecraft:white_bed":16,"minecraft:diamond_pickaxe":73,"minecraft:iron_pickaxe":93,"minecraft:stone_axe":161,"minecraft:cobblestone":78,"minecraft:bucket":1,"minecraft:oak_boat":4,"minecraft:coarse_dirt":11,"minecraft:golden_pickaxe":7}},"DataVersion":3839}