{"stats":{"minecraft:custom":{"minecraft:interact_with_furnace":26,"minecraft:mob_kills":77,"minecraft:interact_with_crafting_table":12,"minecraft:leave_game":1,"minecraft:time_since_death":165854,"minecraft:time_since_rest":165854,"minecraft:sprint_one_cm":132687,"minecraft:damage_taken":1845,"minecraft:walk_one_cm":298499,"minecraft:drop":8,"minecraft:damage_dealt":9383,"minecraft:swim_one_cm":29445,"minecraft:fly_one_cm":194592,"minecraft:crouch_one_cm":41104,"minecraft:play_time":165854,"minecraft:sneak_time":11883,"minecraft:walk_under_water_one_cm":10707,"minecraft:jump":1511,"minecraft:walk_on_water_one_cm":10476,"minecraft:total_world_time":165854,"minecraft:fall_one_cm":40427},"minecraft:picked_up":{"minecraft:crafting_table":4,"minecraft:feather":11,"minecraft:chicken":3,"minecraft:salmon":11,"minecraft:wooden_pickaxe":3,"minecraft:flint":2,"minecraft:tuff":4,"minecraft:oak_log":18,"minecraft:gunpowder":6,"minecraft:lapis_lazuli":38,"minecraft:dirt":22,"minecraft:bone":10,"minecraft:bow":1,"minecraft:cobbled_deepslate":128,"minecraft:raw_gold":28,"minecraft:furnace":1,"minecraft:egg":1,"minecraft:raw_iron":41,"minecraft:copper_ingot":1,"minecraft:torch":22,"minecraft:gravel":52,"minecraft:porkchop":10,"minecraft:ink_sac":3,"minecraft:diorite":7,"minecraft:redstone":21,"minecraft:arrow":7,"minecraft:rotten_flesh":24,"minecraft:slime_ball":12,"minecraft:diamond":19,"minecraft:bone_meal":2,"minecraft:coal":25,"minecraft:cobblestone":246},"minecraft:killed":{"minecraft:pig":4,"minecraft:zombie_villager":1,"minecraft:salmon":11,"minecraft:spider":3,"minecraft:slime":16,"minecraft:creeper":3,"minecraft:squid":1,"minecraft:skeleton":11,"minecraft:zombie":23,"minecraft:chicken":3,"minecraft:drowned":1},"minecraft:crafted":{"minecraft:oak_planks":72,"minecraft:diamond_sword":1,"minecraft:cooked_porkchop":10,"minecraft:crafting_table":2,"minecraft:iron_helmet":1,"minecraft:wooden_pickaxe":1,"minecraft:furnace":2,"minecraft:cooked_salmon":7,"minecraft:stone_axe":1,"minecraft:air":0,"minecraft:iron_boots":1,"minecraft:stick":36,"minecraft:iron_ingot":41,"minecraft:iron_pickaxe":1,"minecraft:stone_pickaxe":3,"minecraft:stone_sword":1,"minecraft:iron_leggings":1,"minecraft:torch":88,"minecraft:diamond_chestplate":1},"minecraft:broken":{"minecraft:stone_pickaxe":2,"minecraft:wooden_pickaxe":1},"minecraft:mined":{"minecraft:deepslate_redstone_ore":5,"minecraft:tuff":5,"minecraft:deepslate_diamond_ore":19,"minecraft:sculk_vein":5,"minecraft:crafting_table":4,"minecraft:torch":18,"minecraft:grass_block":4,"minecraft:cobblestone":15,"minecraft:deepslate_gold_ore":28,"minecraft:sculk":10,"minecraft:diorite":7,"minecraft:wall_torch":2,"minecraft:furnace":1,"minecraft:cobbled_deepslate":2,"minecraft:deepslate_lapis_ore":6,"minecraft:oak_log":18,"minecraft:coal_ore":25,"minecraft:deepslate_iron_ore":41,"minecraft:gravel":33,"minecraft:dirt":15,"minecraft:stone":236,"minecraft:oak_leaves":1,"minecraft:deepslate":124},"minecraft:dropped":{"minecraft:gravel":52,"minecraft:stone_sword":1,"minecraft:tuff":1,"minecraft:dirt":1,"minecraft:stone_pickaxe":1,"minecraft:wooden_pickaxe":3},"minecraft:used":{"minecraft:diorite":7,"minecraft:stone_sword":98,"minecraft:stone_pickaxe":337,"minecraft:wooden_pickaxe":62,"minecraft:cooked_salmon":7,"minecraft:rotten_flesh":19,"minecraft:salmon":4,"minecraft:torch":110,"minecraft:dirt":21,"minecraft:crafting_table":6,"minecraft:tuff":3,"minecraft:iron_pickaxe":118,"minecraft:iron_helmet":1,"minecraft:iron_boots":1,"minecraft:bow":3,"minecraft:diamond_chestplate":1,"minecraft:stone_axe":20,"minecraft:diamond_sword":88,"minecraft:cobblestone":20,"minecraft:furnace":2,"minecraft:cooked_porkchop":10,"minecraft:cobbled_deepslate":12,"minecraft:iron_leggings":1}},"DataVersion":3839}