{"stats":{"minecraft:picked_up":{"minecraft:stick":4,"minecraft:crafting_table":3,"minecraft:feather":6,"minecraft:chicken":4,"minecraft:salmon":4,"minecraft:leather":6,"minecraft:oak_log":6,"minecraft:dirt":4,"minecraft:beef":7,"minecraft:bone_meal":1,"minecraft:sugar_cane":12,"minecraft:oak_planks":2,"minecraft:coal":24,"minecraft:furnace":2,"minecraft:cobblestone":43,"minecraft:ender_pearl":1},"minecraft:custom":{"minecraft:time_since_rest":27961,"minecraft:interact_with_furnace":26,"minecraft:sprint_one_cm":44187,"minecraft:damage_taken":541,"minecraft:walk_one_cm":45902,"minecraft:mob_kills":12,"minecraft:drop":2,"minecraft:damage_dealt":863,"minecraft:interact_with_crafting_table":6,"minecraft:swim_one_cm":24996,"minecraft:fly_one_cm":70416,"minecraft:crouch_one_cm":6418,"minecraft:play_time":31908,"minecraft:deaths":1,"minecraft:sneak_time":2069,"minecraft:walk_under_water_one_cm":4695,"minecraft:jump":436,"minecraft:leave_game":3,"minecraft:time_since_death":27933,"minecraft:walk_on_water_one_cm":5155,"minecraft:total_world_time":31908,"minecraft:fall_one_cm":14799},"minecraft:killed":{"minecraft:chicken":4,"minecraft:salmon":4,"minecraft:cow":4},"minecraft:crafted":{"minecraft:cooked_beef":7,"minecraft:oak_planks":20,"minecraft:crafting_table":1,"minecraft:stick":12,"minecraft:wooden_pickaxe":1,"minecraft:cooked_chicken":3,"minecraft:stone_pickaxe":1,"minecraft:stone_sword":1,"minecraft:furnace":1,"minecraft:stone_axe":1,"minecraft:air":0},"minecraft:dropped":{"minecraft:bone_meal":1,"minecraft:wooden_pickaxe":1},"minecraft:mined":{"minecraft:furnace":2,"minecraft:crafting_table":2,"minecraft:short_grass":3,"minecraft:grass_block":2,"minecraft:oak_log":5,"minecraft:coal_ore":24,"minecraft:dirt":2,"minecraft:tall_grass":1,"minecraft:cobblestone":3,"minecraft:stone":33,"minecraft:sugar_cane":6},"minecraft:killed_by":{"minecraft:player":1},"minecraft:used":{"minecraft:stone_sword":8,"minecraft:stone_pickaxe":58,"minecraft:oak_planks":2,"minecraft:wooden_pickaxe":7,"minecraft:stone_axe":13,"minecraft:salmon":4,"minecraft:dirt":4,"minecraft:cobblestone":20,"minecraft:crafting_table":2,"minecraft:furnace":1,"minecraft:cooked_beef":2}},"DataVersion":3839}